Week,Park,Single-Day Tickets,Annual Passes,Reservations,Total Revenue ($),,,,,,
2024-01-01,Adventure Island Tampa Bay,23933,2430,0,3122300,,,,,,
2024-01-01,Aquatica Orlando,18186,343,0,1921500,,,,,,
2024-01-01,Aquatica San Antonio,23458,830,0,2594800,,,,,,
2024-01-01,Busch Gardens Tampa Bay,13631,2583,0,2138000,,,,1104185700,,9025535
2024-01-01,Busch Gardens Williamsburg,11468,2638,0,1938200,,,,,,
2024-01-01,Discovery Cove Orlando,0,0,594,178200,,,,,,
2024-01-01,SeaWorld Orlando,14660,1770,0,1997000,,,,1104185700,,9025535
2024-01-01,SeaWorld San Diego,23610,787,0,2597100,,,,,,
2024-01-01,SeaWorld San Antonio,9038,1235,0,1274300,,,,,,
2024-01-01,Sesame Place Philadelphia,12281,1936,0,1808900,,,,,,
2024-01-01,Sesame Place San Diego,4448,1557,0,911900,,,,,,
2024-01-01,Water Country USA Williamsburg,15869,314,0,1681100,,,,,,
2024-01-08,Adventure Island Tampa Bay,9484,1186,0,1304200,,,,,,
2024-01-08,Aquatica Orlando,20493,2042,0,2661900,,,,,,
2024-01-08,Aquatica San Antonio,9777,1766,0,1507500,,,,,,
2024-01-08,Busch Gardens Tampa Bay,13234,1549,0,1788100,,,,,,
2024-01-08,Busch Gardens Williamsburg,16099,2928,0,2488300,,,,,,
2024-01-08,Discovery Cove Orlando,0,0,592,177600,,,,,,
2024-01-08,SeaWorld Orlando,24447,338,0,2546100,,,,,,
2024-01-08,SeaWorld San Diego,11446,2403,0,1865500,,,,,,
2024-01-08,SeaWorld San Antonio,23544,2456,0,3091200,,,,,,
2024-01-08,Sesame Place Philadelphia,19182,904,0,2189400,,,,,,
2024-01-08,Sesame Place San Diego,5767,2283,0,1261600,,,,,,
2024-01-08,Water Country USA Williamsburg,5235,954,0,809700,,,,,,
2024-01-15,Adventure Island Tampa Bay,5380,975,0,830500,,,,,,
2024-01-15,Aquatica Orlando,24802,2664,0,3279400,,,,,,
2024-01-15,Aquatica San Antonio,9504,506,0,1102200,,,,,,
2024-01-15,Busch Gardens Tampa Bay,24446,1548,0,2909000,,,,,,
2024-01-15,Busch Gardens Williamsburg,15326,777,0,1765700,,,,,,
2024-01-15,Discovery Cove Orlando,0,0,801,240300,,,,,,
2024-01-15,SeaWorld Orlando,17149,633,0,1904800,,,,,,
2024-01-15,SeaWorld San Diego,7150,1465,0,1154500,,,,,,
2024-01-15,SeaWorld San Antonio,16091,1440,0,2041100,,,,,,
2024-01-15,Sesame Place Philadelphia,18153,2694,0,2623500,,,,,,
2024-01-15,Sesame Place San Diego,10560,743,0,1278900,,,,,,
2024-01-15,Water Country USA Williamsburg,13618,1235,0,1732300,,,,,,
2024-01-22,Adventure Island Tampa Bay,14471,608,0,1629500,,,,,,
2024-01-22,Aquatica Orlando,14323,2088,0,2058700,,,,,,
2024-01-22,Aquatica San Antonio,20510,1490,0,2498000,,,,,,
2024-01-22,Busch Gardens Tampa Bay,15867,1762,0,2115300,,,,,,
2024-01-22,Busch Gardens Williamsburg,24933,1050,0,2808300,,,,,,
2024-01-22,Discovery Cove Orlando,0,0,806,241800,,,,,,
2024-01-22,SeaWorld Orlando,16870,1516,0,2141800,,,,,,
2024-01-22,SeaWorld San Diego,12346,2760,0,2062600,,,,,,
2024-01-22,SeaWorld San Antonio,24354,1929,0,3014100,,,,,,
2024-01-22,Sesame Place Philadelphia,24986,2831,0,3347900,,,,,,
2024-01-22,Sesame Place San Diego,23787,1121,0,2715000,,,,,,
2024-01-22,Water Country USA Williamsburg,20747,478,0,2218100,,,,,,
2024-01-29,Adventure Island Tampa Bay,13810,2204,0,2042200,,,,,,
2024-01-29,Aquatica Orlando,9527,2717,0,1767800,,,,,,
2024-01-29,Aquatica San Antonio,23858,757,0,2612900,,,,,,
2024-01-29,Busch Gardens Tampa Bay,19730,1503,0,2423900,,,,,,
2024-01-29,Busch Gardens Williamsburg,24066,485,0,2552100,,,,,,
2024-01-29,Discovery Cove Orlando,0,0,1923,576900,,,,,,
2024-01-29,SeaWorld Orlando,18518,2240,0,2523800,,,,,,
2024-01-29,SeaWorld San Diego,18892,1227,0,2257300,,,,,,
2024-01-29,SeaWorld San Antonio,24404,1123,0,2777300,,,,,,
2024-01-29,Sesame Place Philadelphia,9052,1823,0,1452100,,,,,,
2024-01-29,Sesame Place San Diego,4910,2734,0,1311200,,,,,,
2024-01-29,Water Country USA Williamsburg,7752,1680,0,1279200,,,,,,
2024-02-05,Adventure Island Tampa Bay,24579,787,0,2694000,,,,,,
2024-02-05,Aquatica Orlando,15262,1980,0,2120200,,,,,,
2024-02-05,Aquatica San Antonio,11049,2489,0,1851600,,,,,,
2024-02-05,Busch Gardens Tampa Bay,15071,2840,0,2359100,,,,,,
2024-02-05,Busch Gardens Williamsburg,19041,2119,0,2539800,,,,,,
2024-02-05,Discovery Cove Orlando,0,0,823,246900,,,,,,
2024-02-05,SeaWorld Orlando,4444,2989,0,1341100,,,,,,
2024-02-05,SeaWorld San Diego,5063,1036,0,817100,,,,,,
2024-02-05,SeaWorld San Antonio,9350,1812,0,1478600,,,,,,
2024-02-05,Sesame Place Philadelphia,19891,1314,0,2383300,,,,,,
2024-02-05,Sesame Place San Diego,18233,1359,0,2231000,,,,,,
2024-02-05,Water Country USA Williamsburg,3415,2827,0,1189600,,,,,,
2024-02-12,Adventure Island Tampa Bay,6875,1521,0,1143800,,,,,,
2024-02-12,Aquatica Orlando,22356,1028,0,2544000,,,,,,
2024-02-12,Aquatica San Antonio,9349,1118,0,1270300,,,,,,
2024-02-12,Busch Gardens Tampa Bay,18538,2537,0,2614900,,,,,,
2024-02-12,Busch Gardens Williamsburg,16150,1852,0,2170600,,,,,,
2024-02-12,Discovery Cove Orlando,0,0,1948,584400,,,,,,
2024-02-12,SeaWorld Orlando,8670,1506,0,1318800,,,,,,
2024-02-12,SeaWorld San Diego,22761,2514,0,3030300,,,,,,
2024-02-12,SeaWorld San Antonio,6635,2730,0,1482500,,,,,,
2024-02-12,Sesame Place Philadelphia,10835,831,0,1332800,,,,,,
2024-02-12,Sesame Place San Diego,17702,2009,0,2372900,,,,,,
2024-02-12,Water Country USA Williamsburg,21511,894,0,2419300,,,,,,
2024-02-19,Adventure Island Tampa Bay,23841,1124,0,2721300,,,,,,
2024-02-19,Aquatica Orlando,18824,401,0,2002700,,,,,,
2024-02-19,Aquatica San Antonio,17764,2148,0,2420800,,,,,,
2024-02-19,Busch Gardens Tampa Bay,17075,2274,0,2389700,,,,,,
2024-02-19,Busch Gardens Williamsburg,24790,1581,0,2953300,,,,,,
2024-02-19,Discovery Cove Orlando,0,0,1456,436800,,,,,,
2024-02-19,SeaWorld Orlando,5685,1660,0,1066500,,,,,,
2024-02-19,SeaWorld San Diego,9260,568,0,1096400,,,,,,
2024-02-19,SeaWorld San Antonio,23326,749,0,2557300,,,,,,
2024-02-19,Sesame Place Philadelphia,13169,1129,0,1655600,,,,,,
2024-02-19,Sesame Place San Diego,16961,675,0,1898600,,,,,,
2024-02-19,Water Country USA Williamsburg,18549,1530,0,2313900,,,,,,
2024-02-26,Adventure Island Tampa Bay,21515,561,0,2319800,,,,,,
2024-02-26,Aquatica Orlando,17823,385,0,1897800,,,,,,
2024-02-26,Aquatica San Antonio,18305,717,0,2045600,,,,,,
2024-02-26,Busch Gardens Tampa Bay,5111,2513,0,1265000,,,,,,
2024-02-26,Busch Gardens Williamsburg,17982,824,0,2045400,,,,,,
2024-02-26,Discovery Cove Orlando,0,0,1506,451800,,,,,,
2024-02-26,SeaWorld Orlando,18465,903,0,2117400,,,,,,
2024-02-26,SeaWorld San Diego,17450,2103,0,2375900,,,,,,
2024-02-26,SeaWorld San Antonio,9726,493,0,1120500,,,,,,
2024-02-26,Sesame Place Philadelphia,19680,2936,0,2848800,,,,,,
2024-02-26,Sesame Place San Diego,10432,506,0,1195000,,,,,,
2024-02-26,Water Country USA Williamsburg,19940,2906,0,2865800,,,,,,
2024-03-04,Adventure Island Tampa Bay,24296,2332,0,3129200,,,,,,
2024-03-04,Aquatica Orlando,15617,2478,0,2305100,,,,,,
2024-03-04,Aquatica San Antonio,8869,1777,0,1420000,,,,,,
2024-03-04,Busch Gardens Tampa Bay,5785,1933,0,1158400,,,,,,
2024-03-04,Busch Gardens Williamsburg,19710,1471,0,2412300,,,,,,
2024-03-04,Discovery Cove Orlando,0,0,1414,424200,,,,,,
2024-03-04,SeaWorld Orlando,22202,1187,0,2576300,,,,,,
2024-03-04,SeaWorld San Diego,17299,443,0,1862800,,,,,,
2024-03-04,SeaWorld San Antonio,15174,2652,0,2313000,,,,,,
2024-03-04,Sesame Place Philadelphia,9069,1321,0,1303200,,,,,,
2024-03-04,Sesame Place San Diego,13711,385,0,1486600,,,,,,
2024-03-04,Water Country USA Williamsburg,4718,1778,0,1005200,,,,,,
2024-03-11,Adventure Island Tampa Bay,18959,2787,0,2732000,,,,,,
2024-03-11,Aquatica Orlando,20022,1729,0,2520900,,,,,,
2024-03-11,Aquatica San Antonio,9410,1292,0,1328600,,,,,,
2024-03-11,Busch Gardens Tampa Bay,6686,2952,0,1554200,,,,,,
2024-03-11,Busch Gardens Williamsburg,12973,648,0,1491700,,,,,,
2024-03-11,Discovery Cove Orlando,0,0,1723,516900,,,,,,
2024-03-11,SeaWorld Orlando,15012,1851,0,2056500,,,,,,
2024-03-11,SeaWorld San Diego,7278,2427,0,1455900,,,,,,
2024-03-11,SeaWorld San Antonio,24849,2256,0,3161700,,,,,,
2024-03-11,Sesame Place Philadelphia,17578,2621,0,2544100,,,,,,
2024-03-11,Sesame Place San Diego,18577,1401,0,2278000,,,,,,
2024-03-11,Water Country USA Williamsburg,23206,1091,0,2647900,,,,,,
2024-03-18,Adventure Island Tampa Bay,7402,1291,0,1127500,,,,,,
2024-03-18,Aquatica Orlando,10568,1566,0,1526600,,,,,,
2024-03-18,Aquatica San Antonio,4252,555,0,591700,,,,,,
2024-03-18,Busch Gardens Tampa Bay,20709,2143,0,2713800,,,,,,
2024-03-18,Busch Gardens Williamsburg,21301,1655,0,2626600,,,,,,
2024-03-18,Discovery Cove Orlando,0,0,1367,410100,,,,,,
2024-03-18,SeaWorld Orlando,4405,639,0,632200,,,,,,
2024-03-18,SeaWorld San Diego,7913,920,0,1067300,,,,,,
2024-03-18,SeaWorld San Antonio,4110,1462,0,849600,,,,,,
2024-03-18,Sesame Place Philadelphia,18720,1340,0,2274000,,,,,,
2024-03-18,Sesame Place San Diego,8750,2085,0,1500500,,,,,,
2024-03-18,Water Country USA Williamsburg,5181,2481,0,1262400,,,,,,
2024-03-25,Adventure Island Tampa Bay,15124,2140,0,2154400,,,,,,
2024-03-25,Aquatica Orlando,14898,1049,0,1804500,,,,,,
2024-03-25,Aquatica San Antonio,12801,2114,0,1914300,,,,,,
2024-03-25,Busch Gardens Tampa Bay,5271,775,0,759600,,,,,,
2024-03-25,Busch Gardens Williamsburg,19165,1192,0,2274100,,,,,,
2024-03-25,Discovery Cove Orlando,0,0,1129,338700,,,,,,
2024-03-25,SeaWorld Orlando,14916,2022,0,2098200,,,,,,
2024-03-25,SeaWorld San Diego,12819,561,0,1450200,,,,,,
2024-03-25,SeaWorld San Antonio,21101,2595,0,2888600,,,,,,
2024-03-25,Sesame Place Philadelphia,13469,396,0,1465700,,,,,,
2024-03-25,Sesame Place San Diego,23293,396,0,2448100,,,,,,
2024-03-25,Water Country USA Williamsburg,13448,676,0,1547600,,,,,,
2024-04-01,Adventure Island Tampa Bay,20732,1749,0,2597900,,,,,,
2024-04-01,Aquatica Orlando,20773,1934,0,2657500,,,,,,
2024-04-01,Aquatica San Antonio,4109,2623,0,1197800,,,,,,
2024-04-01,Busch Gardens Tampa Bay,17762,2374,0,2488400,,,,,,
2024-04-01,Busch Gardens Williamsburg,3900,2449,0,1124700,,,,,,
2024-04-01,Discovery Cove Orlando,0,0,1123,336900,,,,,,
2024-04-01,SeaWorld Orlando,11936,2628,0,1982000,,,,,,
2024-04-01,SeaWorld San Diego,11543,2710,0,1967300,,,,,,
2024-04-01,SeaWorld San Antonio,18358,1323,0,2232700,,,,,,
2024-04-01,Sesame Place Philadelphia,14711,313,0,1565000,,,,,,
2024-04-01,Sesame Place San Diego,13836,1244,0,1756800,,,,,,
2024-04-01,Water Country USA Williamsburg,17954,591,0,1972700,,,,,,
2024-04-08,Adventure Island Tampa Bay,24600,2333,0,3159900,,,,,,
2024-04-08,Aquatica Orlando,10081,2496,0,1756900,,,,,,
2024-04-08,Aquatica San Antonio,3121,1945,0,895600,,,,,,
2024-04-08,Busch Gardens Tampa Bay,17781,542,0,1940700,,,,,,
2024-04-08,Busch Gardens Williamsburg,22342,2572,0,3005800,,,,,,
2024-04-08,Discovery Cove Orlando,0,0,994,298200,,,,,,
2024-04-08,SeaWorld Orlando,6838,476,0,826600,,,,,,
2024-04-08,SeaWorld San Diego,3392,2507,0,1091300,,,,,,
2024-04-08,SeaWorld San Antonio,12366,1889,0,1803300,,,,,,
2024-04-08,Sesame Place Philadelphia,17847,985,0,2080200,,,,,,
2024-04-08,Sesame Place San Diego,15597,454,0,1695900,,,,,,
2024-04-08,Water Country USA Williamsburg,4084,1418,0,833800,,,,,,
2024-04-15,Adventure Island Tampa Bay,23439,2243,0,3016800,,,,,,
2024-04-15,Aquatica Orlando,6950,2526,0,1452800,,,,,,
2024-04-15,Aquatica San Antonio,16526,2504,0,2403800,,,,,,
2024-04-15,Busch Gardens Tampa Bay,12052,1932,0,1784800,,,,,,
2024-04-15,Busch Gardens Williamsburg,17541,773,0,1986000,,,,,,
2024-04-15,Discovery Cove Orlando,0,0,1299,389700,,,,,,
2024-04-15,SeaWorld Orlando,10175,423,0,1144400,,,,,,
2024-04-15,SeaWorld San Diego,8887,1171,0,1240000,,,,,,
2024-04-15,SeaWorld San Antonio,24416,502,0,2592200,,,,,,
2024-04-15,Sesame Place Philadelphia,5482,2239,0,1219900,,,,,,
2024-04-15,Sesame Place San Diego,17291,1544,0,2192300,,,,,,
2024-04-15,Water Country USA Williamsburg,16086,2175,0,2261100,,,,,,
2024-04-22,Adventure Island Tampa Bay,6764,1949,0,1261100,,,,,,
2024-04-22,Aquatica Orlando,22448,2483,0,2989700,,,,,,
2024-04-22,Aquatica San Antonio,4333,2882,0,1297900,,,,,,
2024-04-22,Busch Gardens Tampa Bay,6446,2663,0,1443500,,,,,,
2024-04-22,Busch Gardens Williamsburg,21581,2563,0,2927000,,,,,,
2024-04-22,Discovery Cove Orlando,0,0,546,163800,,,,,,
2024-04-22,SeaWorld Orlando,4102,390,0,527200,,,,,,
2024-04-22,SeaWorld San Diego,8852,2622,0,1671800,,,,,,
2024-04-22,SeaWorld San Antonio,4758,359,0,583500,,,,,,
2024-04-22,Sesame Place Philadelphia,13835,1735,0,1904000,,,,,,
2024-04-22,Sesame Place San Diego,21261,1015,0,2430600,,,,,,
2024-04-22,Water Country USA Williamsburg,16312,713,0,1845100,,,,,,
2024-04-29,Adventure Island Tampa Bay,24263,869,0,2687000,,,,,,
2024-04-29,Aquatica Orlando,15203,1421,0,1946600,,,,,,
2024-04-29,Aquatica San Antonio,3142,955,0,600700,,,,,,
2024-04-29,Busch Gardens Tampa Bay,6522,2504,0,1403400,,,,,,
2024-04-29,Busch Gardens Williamsburg,12469,1350,0,1651900,,,,,,
2024-04-29,Discovery Cove Orlando,0,0,928,278400,,,,,,
2024-04-29,SeaWorld Orlando,4255,1223,0,792400,,,,,,
2024-04-29,SeaWorld San Diego,22831,1427,0,2711200,,,,,,
2024-04-29,SeaWorld San Antonio,11124,2020,0,1718400,,,,,,
2024-04-29,Sesame Place Philadelphia,16069,2348,0,2311300,,,,,,
2024-04-29,Sesame Place San Diego,8820,1969,0,1472700,,,,,,
2024-04-29,Water Country USA Williamsburg,14329,1138,0,1774300,,,,,,
2024-05-06,Adventure Island Tampa Bay,23854,1632,0,2875000,,,,,,
2024-05-06,Aquatica Orlando,10162,2594,0,1794400,,,,,,
2024-05-06,Aquatica San Antonio,19594,389,0,2076100,,,,,,
2024-05-06,Busch Gardens Tampa Bay,5608,788,0,797200,,,,,,
2024-05-06,Busch Gardens Williamsburg,11121,2660,0,1910100,,,,,,
2024-05-06,Discovery Cove Orlando,0,0,1798,539400,,,,,,
2024-05-06,SeaWorld Orlando,22942,582,0,2468800,,,,,,
2024-05-06,SeaWorld San Diego,23063,1966,0,2896100,,,,,,
2024-05-06,SeaWorld San Antonio,3401,2122,0,976700,,,,,,
2024-05-06,Sesame Place Philadelphia,24181,703,0,2629000,,,,,,
2024-05-06,Sesame Place San Diego,22188,2470,0,2959800,,,,,,
2024-05-06,Water Country USA Williamsburg,20461,679,0,2249800,,,,,,
2024-05-13,Adventure Island Tampa Bay,11785,1623,0,1665400,,,,,,
2024-05-13,Aquatica Orlando,23011,655,0,2497600,,,,,,
2024-05-13,Aquatica San Antonio,13120,2160,0,1960000,,,,,,
2024-05-13,Busch Gardens Tampa Bay,18046,2512,0,2558200,,,,,,
2024-05-13,Busch Gardens Williamsburg,8531,1820,0,1399100,,,,,,
2024-05-13,Discovery Cove Orlando,0,0,1231,369300,,,,,,
2024-05-13,SeaWorld Orlando,23955,1965,0,2985000,,,,,,
2024-05-13,SeaWorld San Diego,12994,2097,0,1928500,,,,,,
2024-05-13,SeaWorld San Antonio,5576,309,0,650300,,,,,,
2024-05-13,Sesame Place Philadelphia,12747,2018,0,1880100,,,,,,
2024-05-13,Sesame Place San Diego,14491,2091,0,2076400,,,,,,
2024-05-13,Water Country USA Williamsburg,14558,919,0,1731500,,,,,,
2024-05-20,Adventure Island Tampa Bay,20671,2628,0,2855500,,,,,,
2024-05-20,Aquatica Orlando,23816,390,0,2498600,,,,,,
2024-05-20,Aquatica San Antonio,6186,1947,0,1202700,,,,,,
2024-05-20,Busch Gardens Tampa Bay,24631,2491,0,3210400,,,,,,
2024-05-20,Busch Gardens Williamsburg,17548,1858,0,2312200,,,,,,
2024-05-20,Discovery Cove Orlando,0,0,948,284400,,,,,,
2024-05-20,SeaWorld Orlando,19255,2888,0,2791900,,,,,,
2024-05-20,SeaWorld San Diego,11920,482,0,1336600,,,,,,
2024-05-20,SeaWorld San Antonio,16982,978,0,1991600,,,,,,
2024-05-20,Sesame Place Philadelphia,18127,1339,0,2214400,,,,,,
2024-05-20,Sesame Place San Diego,17173,2940,0,2599300,,,,,,
2024-05-20,Water Country USA Williamsburg,14208,1410,0,1843800,,,,,,
2024-05-27,Adventure Island Tampa Bay,19955,1374,0,2407700,,,,,,
2024-05-27,Aquatica Orlando,21537,1859,0,2711400,,,,,,
2024-05-27,Aquatica San Antonio,8378,341,0,940100,,,,,,
2024-05-27,Busch Gardens Tampa Bay,23668,2216,0,3031600,,,,,,
2024-05-27,Busch Gardens Williamsburg,7191,2859,0,1576800,,,,,,
2024-05-27,Discovery Cove Orlando,0,0,1755,526500,,,,,,
2024-05-27,SeaWorld Orlando,22978,1986,0,2893600,,,,,,
2024-05-27,SeaWorld San Diego,24774,910,0,2750400,,,,,,
2024-05-27,SeaWorld San Antonio,22005,738,0,2421900,,,,,,
2024-05-27,Sesame Place Philadelphia,15980,335,0,1698500,,,,,,
2024-05-27,Sesame Place San Diego,6493,927,0,927400,,,,,,
2024-05-27,Water Country USA Williamsburg,15773,1167,0,1927400,,,,,,
2024-06-03,Adventure Island Tampa Bay,12066,2922,0,2083200,,,,,,
2024-06-03,Aquatica Orlando,24341,919,0,2709800,,,,,,
2024-06-03,Aquatica San Antonio,7842,405,0,905700,,,,,,
2024-06-03,Busch Gardens Tampa Bay,3958,608,0,578200,,,,,,
2024-06-03,Busch Gardens Williamsburg,5591,2062,0,1177700,,,,,,
2024-06-03,Discovery Cove Orlando,0,0,1531,459300,,,,,,
2024-06-03,SeaWorld Orlando,15794,2573,0,2351300,,,,,,
2024-06-03,SeaWorld San Diego,23266,1347,0,2730700,,,,,,
2024-06-03,SeaWorld San Antonio,15604,332,0,1660000,,,,,,
2024-06-03,Sesame Place Philadelphia,3096,2916,0,1184400,,,,,,
2024-06-03,Sesame Place San Diego,3725,943,0,655400,,,,,,
2024-06-03,Water Country USA Williamsburg,7868,2040,0,1398800,,,,,,
2024-06-10,Adventure Island Tampa Bay,23599,2834,0,3210100,,,,,,
2024-06-10,Aquatica Orlando,10375,930,0,1316500,,,,,,
2024-06-10,Aquatica San Antonio,7199,2865,0,1579400,,,,,,
2024-06-10,Busch Gardens Tampa Bay,4158,2722,0,1232400,,,,,,
2024-06-10,Busch Gardens Williamsburg,16561,2823,0,2503000,,,,,,
2024-06-10,Discovery Cove Orlando,0,0,1983,594900,,,,,,
2024-06-10,SeaWorld Orlando,11502,2696,0,1959000,,,,,,
2024-06-10,SeaWorld San Diego,14402,1493,0,1888100,,,,,,
2024-06-10,SeaWorld San Antonio,19082,1297,0,2297300,,,,,,
2024-06-10,Sesame Place Philadelphia,5360,1226,0,903800,,,,,,
2024-06-10,Sesame Place San Diego,8938,1000,0,1193800,,,,,,
2024-06-10,Water Country USA Williamsburg,5562,1502,0,1006800,,,,,,
2024-06-17,Adventure Island Tampa Bay,4346,1830,0,983600,,,,,,
2024-06-17,Aquatica Orlando,7555,2040,0,1367500,,,,,,
2024-06-17,Aquatica San Antonio,4041,2821,0,1250400,,,,,,
2024-06-17,Busch Gardens Tampa Bay,21753,2517,0,2930400,,,,,,
2024-06-17,Busch Gardens Williamsburg,7093,1634,0,1199500,,,,,,
2024-06-17,Discovery Cove Orlando,0,0,1943,582900,,,,,,
2024-06-17,SeaWorld Orlando,3428,2756,0,1169600,,,,,,
2024-06-17,SeaWorld San Diego,12317,1675,0,1734200,,,,,,
2024-06-17,SeaWorld San Antonio,6300,1365,0,1039500,,,,,,
2024-06-17,Sesame Place Philadelphia,18692,2722,0,2685800,,,,,,
2024-06-17,Sesame Place San Diego,24592,2121,0,3095500,,,,,,
2024-06-17,Water Country USA Williamsburg,16146,1300,0,2004600,,,,,,
2024-06-24,Adventure Island Tampa Bay,9730,2608,0,1755400,,,,,,
2024-06-24,Aquatica Orlando,8930,1962,0,1481600,,,,,,
2024-06-24,Aquatica San Antonio,11674,1127,0,1505500,,,,,,
2024-06-24,Busch Gardens Tampa Bay,8534,2540,0,1615400,,,,,,
2024-06-24,Busch Gardens Williamsburg,19691,1587,0,2445200,,,,,,
2024-06-24,Discovery Cove Orlando,0,0,1571,471300,,,,,,
2024-06-24,SeaWorld Orlando,13467,2493,0,2094600,,,,,,
2024-06-24,SeaWorld San Diego,20148,2869,0,2875500,,,,,,
2024-06-24,SeaWorld San Antonio,7413,1064,0,1060500,,,,,,
2024-06-24,Sesame Place Philadelphia,21453,2144,0,2788500,,,,,,
2024-06-24,Sesame Place San Diego,7985,2702,0,1609100,,,,,,
2024-06-24,Water Country USA Williamsburg,6226,2115,0,1257100,,,,,,
2024-07-01,Adventure Island Tampa Bay,14628,2547,0,2226900,,,,,,
2024-07-01,Aquatica Orlando,7820,1601,0,1262300,,,,,,
2024-07-01,Aquatica San Antonio,3771,1591,0,854400,,,,,,
2024-07-01,Busch Gardens Tampa Bay,24897,710,0,2702700,,,,,,
2024-07-01,Busch Gardens Williamsburg,13160,1018,0,1621400,,,,,,
2024-07-01,Discovery Cove Orlando,0,0,735,220500,,,,,,
2024-07-01,SeaWorld Orlando,24387,2429,0,3167400,,,,,,
2024-07-01,SeaWorld San Diego,3739,2333,0,1073800,,,,,,
2024-07-01,SeaWorld San Antonio,13510,1815,0,1895500,,,,,,
2024-07-01,Sesame Place Philadelphia,12503,1443,0,1683200,,,,,,
2024-07-01,Sesame Place San Diego,16983,1358,0,2105700,,,,,,
2024-07-01,Water Country USA Williamsburg,19263,1029,0,2235000,,,,,,
2024-07-08,Adventure Island Tampa Bay,17473,834,0,1997500,,,,,,
2024-07-08,Aquatica Orlando,10416,1623,0,1528500,,,,,,
2024-07-08,Aquatica San Antonio,10348,947,0,1318900,,,,,,
2024-07-08,Busch Gardens Tampa Bay,9027,508,0,1055100,,,,,,
2024-07-08,Busch Gardens Williamsburg,23773,2692,0,3184900,,,,,,
2024-07-08,Discovery Cove Orlando,0,0,1228,368400,,,,,,
2024-07-08,SeaWorld Orlando,11987,2985,0,2094200,,,,,,
2024-07-08,SeaWorld San Diego,22081,728,0,2426500,,,,,,
2024-07-08,SeaWorld San Antonio,23243,370,0,2435300,,,,,,
2024-07-08,Sesame Place Philadelphia,11911,478,0,1334500,,,,,,
2024-07-08,Sesame Place San Diego,9682,1823,0,1515100,,,,,,
2024-07-08,Water Country USA Williamsburg,5709,1155,0,917400,,,,,,
2024-07-15,Adventure Island Tampa Bay,13198,2631,0,2109100,,,,,,
2024-07-15,Aquatica Orlando,7843,741,0,1006600,,,,,,
2024-07-15,Aquatica San Antonio,8745,320,0,970500,,,,,,
2024-07-15,Busch Gardens Tampa Bay,6469,2154,0,1293100,,,,,,
2024-07-15,Busch Gardens Williamsburg,10291,1192,0,1386700,,,,,,
2024-07-15,Discovery Cove Orlando,0,0,711,213300,,,,,,
2024-07-15,SeaWorld Orlando,18959,1996,0,2494700,,,,,,
2024-07-15,SeaWorld San Diego,3690,1714,0,883200,,,,,,
2024-07-15,SeaWorld San Antonio,23200,670,0,2521000,,,,,,
2024-07-15,Sesame Place Philadelphia,12208,2954,0,2107000,,,,,,
2024-07-15,Sesame Place San Diego,11567,2033,0,1766600,,,,,,
2024-07-15,Water Country USA Williamsburg,19223,606,0,2104100,,,,,,
2024-07-22,Adventure Island Tampa Bay,15041,1926,0,2081900,,,,,,
2024-07-22,Aquatica Orlando,3688,536,0,529600,,,,,,
2024-07-22,Aquatica San Antonio,3554,1594,0,833600,,,,,,
2024-07-22,Busch Gardens Tampa Bay,6534,1620,0,1139400,,,,,,
2024-07-22,Busch Gardens Williamsburg,8122,329,0,910900,,,,,,
2024-07-22,Discovery Cove Orlando,0,0,1953,585900,,,,,,
2024-07-22,SeaWorld Orlando,16904,1613,0,2174300,,,,,,
2024-07-22,SeaWorld San Diego,13482,359,0,1455900,,,,,,
2024-07-22,SeaWorld San Antonio,5754,2582,0,1350000,,,,,,
2024-07-22,Sesame Place Philadelphia,18873,978,0,2180700,,,,,,
2024-07-22,Sesame Place San Diego,7206,1345,0,1124100,,,,,,
2024-07-22,Water Country USA Williamsburg,10663,1002,0,1366900,,,,,,
2024-07-29,Adventure Island Tampa Bay,8389,744,0,1062100,,,,,,
2024-07-29,Aquatica Orlando,22870,2102,0,2917600,,,,,,
2024-07-29,Aquatica San Antonio,3995,2743,0,1222400,,,,,,
2024-07-29,Busch Gardens Tampa Bay,11087,2543,0,1871600,,,,,,
2024-07-29,Busch Gardens Williamsburg,15840,2674,0,2386200,,,,,,
2024-07-29,Discovery Cove Orlando,0,0,1563,468900,,,,,,
2024-07-29,SeaWorld Orlando,6064,1763,0,1135300,,,,,,
2024-07-29,SeaWorld San Diego,16755,1675,0,2178000,,,,,,
2024-07-29,SeaWorld San Antonio,5395,1655,0,1036000,,,,,,
2024-07-29,Sesame Place Philadelphia,18035,1656,0,2300300,,,,,,
2024-07-29,Sesame Place San Diego,22714,749,0,2496100,,,,,,
2024-07-29,Water Country USA Williamsburg,24996,1471,0,2940900,,,,,,
2024-08-05,Adventure Island Tampa Bay,4356,1874,0,997800,,,,,,
2024-08-05,Aquatica Orlando,23491,2426,0,3076900,,,,,,
2024-08-05,Aquatica San Antonio,10622,2595,0,1840700,,,,,,
2024-08-05,Busch Gardens Tampa Bay,8304,2904,0,1701600,,,,,,
2024-08-05,Busch Gardens Williamsburg,21725,2978,0,3065900,,,,,,
2024-08-05,Discovery Cove Orlando,0,0,1033,309900,,,,,,
2024-08-05,SeaWorld Orlando,12532,1180,0,1607200,,,,,,
2024-08-05,SeaWorld San Diego,4818,799,0,721500,,,,,,
2024-08-05,SeaWorld San Antonio,7218,1791,0,1259100,,,,,,
2024-08-05,Sesame Place Philadelphia,8977,909,0,1170400,,,,,,
2024-08-05,Sesame Place San Diego,20111,560,0,2179100,,,,,,
2024-08-05,Water Country USA Williamsburg,20748,2992,0,2972400,,,,,,
2024-08-12,Adventure Island Tampa Bay,10593,2793,0,1897200,,,,,,
2024-08-12,Aquatica Orlando,12340,1687,0,1740100,,,,,,
2024-08-12,Aquatica San Antonio,15850,2768,0,2415400,,,,,,
2024-08-12,Busch Gardens Tampa Bay,13178,1159,0,1665500,,,,,,
2024-08-12,Busch Gardens Williamsburg,23925,2359,0,3100200,,,,,,
2024-08-12,Discovery Cove Orlando,0,0,1613,483900,,,,,,
2024-08-12,SeaWorld Orlando,4847,2540,0,1246700,,,,,,
2024-08-12,SeaWorld San Diego,17241,1004,0,2025300,,,,,,
2024-08-12,SeaWorld San Antonio,21365,2249,0,2811200,,,,,,
2024-08-12,Sesame Place Philadelphia,13097,2957,0,2196800,,,,,,
2024-08-12,Sesame Place San Diego,8409,617,0,1026000,,,,,,
2024-08-12,Water Country USA Williamsburg,18489,512,0,2002500,,,,,,
2024-08-19,Adventure Island Tampa Bay,11560,1078,0,1479400,,,,,,
2024-08-19,Aquatica Orlando,16829,2357,0,2390000,,,,,,
2024-08-19,Aquatica San Antonio,12325,351,0,1337800,,,,,,
2024-08-19,Busch Gardens Tampa Bay,15138,763,0,1742700,,,,,,
2024-08-19,Busch Gardens Williamsburg,5198,2839,0,1371500,,,,,,
2024-08-19,Discovery Cove Orlando,0,0,627,188100,,,,,,
2024-08-19,SeaWorld Orlando,12152,961,0,1503500,,,,,,
2024-08-19,SeaWorld San Diego,18145,2037,0,2425600,,,,,,
2024-08-19,SeaWorld San Antonio,11471,1716,0,1661900,,,,,,
2024-08-19,Sesame Place Philadelphia,5644,1282,0,949000,,,,,,
2024-08-19,Sesame Place San Diego,23422,2235,0,3012700,,,,,,
2024-08-19,Water Country USA Williamsburg,23071,2767,0,3137200,,,,,,
2024-08-26,Adventure Island Tampa Bay,5426,2010,0,1145600,,,,,,
2024-08-26,Aquatica Orlando,13086,2463,0,2047500,,,,,,
2024-08-26,Aquatica San Antonio,24171,2423,0,3144000,,,,,,
2024-08-26,Busch Gardens Tampa Bay,12955,2943,0,2178400,,,,,,
2024-08-26,Busch Gardens Williamsburg,11638,2163,0,1812700,,,,,,
2024-08-26,Discovery Cove Orlando,0,0,1424,427200,,,,,,
2024-08-26,SeaWorld Orlando,21502,902,0,2420800,,,,,,
2024-08-26,SeaWorld San Diego,3452,1134,0,685400,,,,,,
2024-08-26,SeaWorld San Antonio,16048,2157,0,2251900,,,,,,
2024-08-26,Sesame Place Philadelphia,16306,2672,0,2432200,,,,,,
2024-08-26,Sesame Place San Diego,6621,1408,0,1084500,,,,,,
2024-08-26,Water Country USA Williamsburg,11480,502,0,1298600,,,,,,
2024-09-02,Adventure Island Tampa Bay,16469,1014,0,1951100,,,,,,
2024-09-02,Aquatica Orlando,10362,2483,0,1781100,,,,,,
2024-09-02,Aquatica San Antonio,17976,1082,0,2122200,,,,,,
2024-09-02,Busch Gardens Tampa Bay,18789,2496,0,2627700,,,,,,
2024-09-02,Busch Gardens Williamsburg,16349,2838,0,2486300,,,,,,
2024-09-02,Discovery Cove Orlando,0,0,988,296400,,,,,,
2024-09-02,SeaWorld Orlando,7697,2285,0,1455200,,,,,,
2024-09-02,SeaWorld San Diego,6990,1056,0,1015800,,,,,,
2024-09-02,SeaWorld San Antonio,22077,2709,0,3020400,,,,,,
2024-09-02,Sesame Place Philadelphia,9153,2997,0,1814400,,,,,,
2024-09-02,Sesame Place San Diego,10528,2216,0,1717600,,,,,,
2024-09-02,Water Country USA Williamsburg,5978,750,0,822800,,,,,,
2024-09-09,Adventure Island Tampa Bay,13572,2504,0,2108400,,,,,,
2024-09-09,Aquatica Orlando,17263,1371,0,2137600,,,,,,
2024-09-09,Aquatica San Antonio,5343,1237,0,905400,,,,,,
2024-09-09,Busch Gardens Tampa Bay,5366,2489,0,1283300,,,,,,
2024-09-09,Busch Gardens Williamsburg,5434,338,0,644800,,,,,,
2024-09-09,Discovery Cove Orlando,0,0,945,283500,,,,,,
2024-09-09,SeaWorld Orlando,17377,2310,0,2430700,,,,,,
2024-09-09,SeaWorld San Diego,13484,968,0,1638800,,,,,,
2024-09-09,SeaWorld San Antonio,18594,1538,0,2320800,,,,,,
2024-09-09,Sesame Place Philadelphia,5989,1834,0,1149100,,,,,,
2024-09-09,Sesame Place San Diego,17500,647,0,1944100,,,,,,
2024-09-09,Water Country USA Williamsburg,12718,2935,0,2152300,,,,,,
2024-09-16,Adventure Island Tampa Bay,15765,2071,0,2197800,,,,,,
2024-09-16,Aquatica Orlando,18328,1852,0,2388400,,,,,,
2024-09-16,Aquatica San Antonio,8168,1259,0,1194500,,,,,,
2024-09-16,Busch Gardens Tampa Bay,15189,676,0,1721700,,,,,,
2024-09-16,Busch Gardens Williamsburg,21841,1970,0,2775100,,,,,,
2024-09-16,Discovery Cove Orlando,0,0,1429,428700,,,,,,
2024-09-16,SeaWorld Orlando,20431,1152,0,2388700,,,,,,
2024-09-16,SeaWorld San Diego,14082,2109,0,2040900,,,,,,
2024-09-16,SeaWorld San Antonio,16588,1163,0,2007700,,,,,,
2024-09-16,Sesame Place Philadelphia,7450,1068,0,1065400,,,,,,
2024-09-16,Sesame Place San Diego,5277,2274,0,1209900,,,,,,
2024-09-16,Water Country USA Williamsburg,6804,2800,0,1520400,,,,,,
2024-09-23,Adventure Island Tampa Bay,11704,1667,0,1670500,,,,,,
2024-09-23,Aquatica Orlando,3338,2014,0,938000,,,,,,
2024-09-23,Aquatica San Antonio,24634,1907,0,3035500,,,,,,
2024-09-23,Busch Gardens Tampa Bay,5503,1730,0,1069300,,,,,,
2024-09-23,Busch Gardens Williamsburg,15527,2192,0,2210300,,,,,,
2024-09-23,Discovery Cove Orlando,0,0,1946,583800,,,,,,
2024-09-23,SeaWorld Orlando,15668,380,0,1680800,,,,,,
2024-09-23,SeaWorld San Diego,13381,1330,0,1737100,,,,,,
2024-09-23,SeaWorld San Antonio,17122,1854,0,2268400,,,,,,
2024-09-23,Sesame Place Philadelphia,10332,345,0,1136700,,,,,,
2024-09-23,Sesame Place San Diego,24185,500,0,2568500,,,,,,
2024-09-23,Water Country USA Williamsburg,22743,592,0,2451900,,,,,,
2024-09-30,Adventure Island Tampa Bay,14376,1468,0,1878000,,,,,,
2024-09-30,Aquatica Orlando,12525,1732,0,1772100,,,,,,
2024-09-30,Aquatica San Antonio,9066,1583,0,1381500,,,,,,
2024-09-30,Busch Gardens Tampa Bay,7078,1552,0,1173400,,,,,,
2024-09-30,Busch Gardens Williamsburg,21142,2125,0,2751700,,,,,,
2024-09-30,Discovery Cove Orlando,0,0,1751,525300,,,,,,
2024-09-30,SeaWorld Orlando,14137,702,0,1624300,,,,,,
2024-09-30,SeaWorld San Diego,8690,1515,0,1323500,,,,,,
2024-09-30,SeaWorld San Antonio,7879,2027,0,1396000,,,,,,
2024-09-30,Sesame Place Philadelphia,13965,2268,0,2076900,,,,,,
2024-09-30,Sesame Place San Diego,7459,1507,0,1198000,,,,,,
2024-09-30,Water Country USA Williamsburg,15506,1387,0,1966700,,,,,,
2024-10-07,Adventure Island Tampa Bay,17974,1144,0,2140600,,,,,,
2024-10-07,Aquatica Orlando,10450,1354,0,1451200,,,,,,
2024-10-07,Aquatica San Antonio,12753,801,0,1515600,,,,,,
2024-10-07,Busch Gardens Tampa Bay,6752,1835,0,1225700,,,,,,
2024-10-07,Busch Gardens Williamsburg,5041,2455,0,1240600,,,,,,
2024-10-07,Discovery Cove Orlando,0,0,1660,498000,,,,,,
2024-10-07,SeaWorld Orlando,23625,1241,0,2734800,,,,,,
2024-10-07,SeaWorld San Diego,5372,2170,0,1188200,,,,,,
2024-10-07,SeaWorld San Antonio,7075,405,0,829000,,,,,,
2024-10-07,Sesame Place Philadelphia,16790,2033,0,2288900,,,,,,
2024-10-07,Sesame Place San Diego,23407,889,0,2607400,,,,,,
2024-10-07,Water Country USA Williamsburg,3862,795,0,624700,,,,,,
2024-10-14,Adventure Island Tampa Bay,17447,2817,0,2589800,,,,,,
2024-10-14,Aquatica Orlando,19096,799,0,2149300,,,,,,
2024-10-14,Aquatica San Antonio,21250,2859,0,2982700,,,,,,
2024-10-14,Busch Gardens Tampa Bay,13003,1346,0,1704100,,,,,,
2024-10-14,Busch Gardens Williamsburg,9938,684,0,1199000,,,,,,
2024-10-14,Discovery Cove Orlando,0,0,1304,391200,,,,,,
2024-10-14,SeaWorld Orlando,12897,1873,0,1851600,,,,,,
2024-10-14,SeaWorld San Diego,4501,901,0,720400,,,,,,
2024-10-14,SeaWorld San Antonio,16778,2001,0,2278100,,,,,,
2024-10-14,Sesame Place Philadelphia,10189,974,0,1311100,,,,,,
2024-10-14,Sesame Place San Diego,6077,1536,0,1068500,,,,,,
2024-10-14,Water Country USA Williamsburg,7938,1798,0,1333200,,,,,,
2024-10-21,Adventure Island Tampa Bay,5424,1440,0,974400,,,,,,
2024-10-21,Aquatica Orlando,16422,1352,0,2047800,,,,,,
2024-10-21,Aquatica San Antonio,20254,1412,0,2449000,,,,,,
2024-10-21,Busch Gardens Tampa Bay,17059,2784,0,2541100,,,,,,
2024-10-21,Busch Gardens Williamsburg,3870,2343,0,1089900,,,,,,
2024-10-21,Discovery Cove Orlando,0,0,1043,312900,,,,,,
2024-10-21,SeaWorld Orlando,21718,469,0,2312500,,,,,,
2024-10-21,SeaWorld San Diego,6836,1887,0,1249700,,,,,,
2024-10-21,SeaWorld San Antonio,15628,899,0,1832500,,,,,,
2024-10-21,Sesame Place Philadelphia,12735,2873,0,2135400,,,,,,
2024-10-21,Sesame Place San Diego,22534,1457,0,2690500,,,,,,
2024-10-21,Water Country USA Williamsburg,14151,2891,0,2282400,,,,,,
2024-10-28,Adventure Island Tampa Bay,6797,1217,0,1044800,,,,,,
2024-10-28,Aquatica Orlando,3723,2161,0,1020600,,,,,,
2024-10-28,Aquatica San Antonio,9937,1409,0,1416400,,,,,,
2024-10-28,Busch Gardens Tampa Bay,6256,862,0,884200,,,,,,
2024-10-28,Busch Gardens Williamsburg,24714,1283,0,2856300,,,,,,
2024-10-28,Discovery Cove Orlando,0,0,1008,302400,,,,,,
2024-10-28,SeaWorld Orlando,22344,1292,0,2622000,,,,,,
2024-10-28,SeaWorld San Diego,16548,834,0,1905000,,,,,,
2024-10-28,SeaWorld San Antonio,13921,2454,0,2128300,,,,,,
2024-10-28,Sesame Place Philadelphia,7901,2185,0,1445600,,,,,,
2024-10-28,Sesame Place San Diego,13165,779,0,1550200,,,,,,
2024-10-28,Water Country USA Williamsburg,15646,598,0,1744000,,,,,,
2024-11-04,Adventure Island Tampa Bay,8143,2121,0,1450600,,,,,,
2024-11-04,Aquatica Orlando,15525,2921,0,2428800,,,,,,
2024-11-04,Aquatica San Antonio,8856,801,0,1125900,,,,,,
2024-11-04,Busch Gardens Tampa Bay,20803,2253,0,2756200,,,,,,
2024-11-04,Busch Gardens Williamsburg,13712,811,0,1614500,,,,,,
2024-11-04,Discovery Cove Orlando,0,0,1864,559200,,,,,,
2024-11-04,SeaWorld Orlando,19051,1465,0,2344600,,,,,,
2024-11-04,SeaWorld San Diego,4882,795,0,726700,,,,,,
2024-11-04,SeaWorld San Antonio,22342,1101,0,2564500,,,,,,
2024-11-04,Sesame Place Philadelphia,22380,2331,0,2937300,,,,,,
2024-11-04,Sesame Place San Diego,16303,1983,0,2225200,,,,,,
2024-11-04,Water Country USA Williamsburg,23879,932,0,2667500,,,,,,
2024-11-11,Adventure Island Tampa Bay,13256,1256,0,1702400,,,,,,
2024-11-11,Aquatica Orlando,13752,1537,0,1836300,,,,,,
2024-11-11,Aquatica San Antonio,17126,1054,0,2028800,,,,,,
2024-11-11,Busch Gardens Tampa Bay,12619,2170,0,1912900,,,,,,
2024-11-11,Busch Gardens Williamsburg,15753,2191,0,2232600,,,,,,
2024-11-11,Discovery Cove Orlando,0,0,553,165900,,,,,,
2024-11-11,SeaWorld Orlando,8694,2254,0,1545600,,,,,,
2024-11-11,SeaWorld San Diego,18423,568,0,2012700,,,,,,
2024-11-11,SeaWorld San Antonio,23783,1105,0,2709800,,,,,,
2024-11-11,Sesame Place Philadelphia,10852,2322,0,1781800,,,,,,
2024-11-11,Sesame Place San Diego,13999,759,0,1627600,,,,,,
2024-11-11,Water Country USA Williamsburg,13912,2680,0,2195200,,,,,,
2024-11-18,Adventure Island Tampa Bay,16140,2586,0,2389800,,,,,,
2024-11-18,Aquatica Orlando,20314,2544,0,2794600,,,,,,
2024-11-18,Aquatica San Antonio,23135,2594,0,3091700,,,,,,
2024-11-18,Busch Gardens Tampa Bay,9051,1973,0,1497000,,,,,,
2024-11-18,Busch Gardens Williamsburg,3605,2011,0,963800,,,,,,
2024-11-18,Discovery Cove Orlando,0,0,1336,400800,,,,,,
2024-11-18,SeaWorld Orlando,8239,781,0,1058200,,,,,,
2024-11-18,SeaWorld San Diego,22958,2835,0,3146300,,,,,,
2024-11-18,SeaWorld San Antonio,4861,2897,0,1355200,,,,,,
2024-11-18,Sesame Place Philadelphia,24241,1394,0,2842300,,,,,,
2024-11-18,Sesame Place San Diego,3406,2466,0,1080400,,,,,,
2024-11-18,Water Country USA Williamsburg,4918,2339,0,1193500,,,,,,
2024-11-25,Adventure Island Tampa Bay,12358,566,0,1405600,,,,,,
2024-11-25,Aquatica Orlando,3291,2225,0,996600,,,,,,
2024-11-25,Aquatica San Antonio,7256,1471,0,1166900,,,,,,
2024-11-25,Busch Gardens Tampa Bay,21641,1031,0,2473400,,,,,,
2024-11-25,Busch Gardens Williamsburg,9988,988,0,1295200,,,,,,
2024-11-25,Discovery Cove Orlando,0,0,1817,545100,,,,,,
2024-11-25,SeaWorld Orlando,7735,835,0,1024000,,,,,,
2024-11-25,SeaWorld San Diego,12292,1187,0,1585300,,,,,,
2024-11-25,SeaWorld San Antonio,19900,1325,0,2387500,,,,,,
2024-11-25,Sesame Place Philadelphia,12080,1978,0,1801400,,,,,,
2024-11-25,Sesame Place San Diego,18265,1292,0,2214100,,,,,,
2024-11-25,Water Country USA Williamsburg,20125,882,0,2277100,,,,,,
2024-12-02,Adventure Island Tampa Bay,11211,2976,0,2013900,,,,,,
2024-12-02,Aquatica Orlando,7768,2486,0,1522600,,,,,,
2024-12-02,Aquatica San Antonio,15512,1815,0,2095700,,,,,,
2024-12-02,Busch Gardens Tampa Bay,7765,594,0,954700,,,,,,
2024-12-02,Busch Gardens Williamsburg,23961,2980,0,3290100,,,,,,
2024-12-02,Discovery Cove Orlando,0,0,968,290400,,,,,,
2024-12-02,SeaWorld Orlando,8666,2455,0,1603100,,,,,,
2024-12-02,SeaWorld San Diego,22013,812,0,2444900,,,,,,
2024-12-02,SeaWorld San Antonio,6294,1849,0,1184100,,,,,,
2024-12-02,Sesame Place Philadelphia,7490,2600,0,1529000,,,,,,
2024-12-02,Sesame Place San Diego,8846,2943,0,1767500,,,,,,
2024-12-02,Water Country USA Williamsburg,15396,2788,0,2376000,,,,,,
2024-12-09,Adventure Island Tampa Bay,6604,498,0,809800,,,,,,
2024-12-09,Aquatica Orlando,23282,1313,0,2722100,,,,,,
2024-12-09,Aquatica San Antonio,21060,1058,0,2423400,,,,,,
2024-12-09,Busch Gardens Tampa Bay,14612,2341,0,2163500,,,,,,
2024-12-09,Busch Gardens Williamsburg,14209,2243,0,2093800,,,,,,
2024-12-09,Discovery Cove Orlando,0,0,1908,572400,,,,,,
2024-12-09,SeaWorld Orlando,18795,1308,0,2271900,,,,,,
2024-12-09,SeaWorld San Diego,10366,426,0,1164400,,,,,,
2024-12-09,SeaWorld San Antonio,7003,824,0,947500,,,,,,
2024-12-09,Sesame Place Philadelphia,24472,2095,0,3075700,,,,,,
2024-12-09,Sesame Place San Diego,19327,1056,0,2249500,,,,,,
2024-12-09,Water Country USA Williamsburg,17895,2419,0,2515200,,,,,,
2024-12-16,Adventure Island Tampa Bay,19571,488,0,2103500,,,,,,
2024-12-16,Aquatica Orlando,7302,1075,0,1052700,,,,,,
2024-12-16,Aquatica San Antonio,22583,1659,0,2756000,,,,,,
2024-12-16,Busch Gardens Tampa Bay,21376,1724,0,2654800,,,,,,
2024-12-16,Busch Gardens Williamsburg,20183,2618,0,2803700,,,,,,
2024-12-16,Discovery Cove Orlando,0,0,1356,406800,,,,,,
2024-12-16,SeaWorld Orlando,12966,1494,0,1744800,,,,,,
2024-12-16,SeaWorld San Diego,23293,1193,0,2687200,,,,,,
2024-12-16,SeaWorld San Antonio,20362,332,0,2135800,,,,,,
2024-12-16,Sesame Place Philadelphia,23585,2058,0,2975900,,,,,,
2024-12-16,Sesame Place San Diego,8222,1725,0,1339700,,,,,,
2024-12-16,Water Country USA Williamsburg,19892,1960,0,2577200,,,,,,
2024-12-23,Adventure Island Tampa Bay,24718,1179,0,2825500,,,,,,
2024-12-23,Aquatica Orlando,4110,1304,0,802200,,,,,,
2024-12-23,Aquatica San Antonio,14227,728,0,1641100,,,,,,
2024-12-23,Busch Gardens Tampa Bay,23144,2792,0,3152000,,,,,,
2024-12-23,Busch Gardens Williamsburg,20123,1215,0,2376800,,,,,,
2024-12-23,Discovery Cove Orlando,0,0,1908,572400,,,,,,
2024-12-23,SeaWorld Orlando,15563,1066,0,1876100,,,,,,
2024-12-23,SeaWorld San Diego,15169,335,0,1617400,,,,,,
2024-12-23,SeaWorld San Antonio,13763,2341,0,2078600,,,,,,
2024-12-23,Sesame Place Philadelphia,21236,2309,0,2816300,,,,,,
2024-12-23,Sesame Place San Diego,3763,2785,0,1211800,,,,,,
2024-12-23,Water Country USA Williamsburg,3083,2797,0,1147400,,,,,,